Employee Number,First Name,Last Name,Email,Phone Number
1,WBACG,ZYMHR,wbacgzymhr@dmt.com,9000000001
2,HGKHF,GGRHU,hgkhfggrhu@dmt.com,9000000002
3,UIUVI,AMLHY,uiuviamlhy@dmt.com,9000000003
4,TMRWY,XXUNO,tmrwyxxuno@dmt.com,9000000004
5,DUOPL,FGXJE,duoplfgxje@dmt.com,9000000005
6,UTHPW,KUDDK,uthpwkuddk@dmt.com,9000000006
7,MUZZY,JUGDH,muzzyjugdh@dmt.com,9000000007
8,PGACX,QWUJW,pgacxqwujw@dmt.com,9000000008
9,LUZPP,XZROD,luzppxzrod@dmt.com,9000000009
10,HQKGK,JSBMD,hqkgkjsbmd@dmt.com,9000000010
11,LFPEX,UCCBU,lfpexuccbu@dmt.com,9000000011
12,XJTZC,ADPEL,xjtzcadpel@dmt.com,9000000012
13,WHQZK,XIQIX,whqzkxiqix@dmt.com,9000000013
14,FALCR,EPQRH,falcrepqrh@dmt.com,9000000014
15,XAKZE,VXMQQ,xakzevxmqq@dmt.com,9000000015
16,QLRUJ,LANFO,qlrujlanfo@dmt.com,9000000016
17,WKBGG,QNWCI,wkbggqnwci@dmt.com,9000000017
18,SJMYZ,CKBEW,sjmyzckbew@dmt.com,9000000018
19,QKTGF,OJUSW,qktgfojusw@dmt.com,9000000019
20,KYRUL,QMVKA,kyrulqmvka@dmt.com,9000000020
21,GVBUU,LVLWW,gvbuulvlww@dmt.com,9000000021
22,SWLJJ,LPDSI,swljjlpdsi@dmt.com,9000000022
23,PNLXM,ZFXFQ,pnlxmzfxfq@dmt.com,9000000023
24,JHFQY,DMFRQ,jhfqydmfrq@dmt.com,9000000024
25,TJVWW,CAAFV,tjvwwcaafv@dmt.com,9000000025
26,FYFAS,ILDTK,fyfasildtk@dmt.com,9000000026
27,DLSQT,HEVZB,dlsqthevzb@dmt.com,9000000027
28,LIKNT,XSQBY,likntxsqby@dmt.com,9000000028
29,UFHDO,IJYHW,ufhdoijyhw@dmt.com,9000000029
30,YLIEQ,SHRIO,ylieqshrio@dmt.com,9000000030
31,VBJFF,EJFRE,vbjffejfre@dmt.com,9000000031
32,MXMVE,UFMQZ,mxmveufmqz@dmt.com,9000000032
33,HVVBJ,TYDWX,hvvbjtydwx@dmt.com,9000000033
34,JSHVE,BBUUY,jshvebbuuy@dmt.com,9000000034
35,SXKCK,GKBYA,sxkckgkbya@dmt.com,9000000035
36,GMNML,SMQTW,gmnmlsmqtw@dmt.com,9000000036
37,WTYOZ,BHOLK,wtyozbholk@dmt.com,9000000037
38,IZPJR,TYRXP,izpjrtyrxp@dmt.com,9000000038
39,OAAOS,HPSNG,oaaoshpsng@dmt.com,9000000039
40,VNOGD,CIVAM,vnogdcivam@dmt.com,9000000040
41,VRITK,QBEQV,vritkqbeqv@dmt.com,9000000041
42,RFITI,UEWHP,rfitiuewhp@dmt.com,9000000042
43,FRCUT,XWDDN,frcutxwddn@dmt.com,9000000043
44,POQOI,WGDIE,poqoiwgdie@dmt.com,9000000044
45,YBNJA,FITMK,ybnjafitmk@dmt.com,9000000045
46,PCLYI,QQWTA,pclyiqqwta@dmt.com,9000000046
47,VSWQR,CJRYB,vswqrcjryb@dmt.com,9000000047
48,IAFXY,JKWWV,iafxyjkwwv@dmt.com,9000000048
49,ISYNE,KZNOD,isynekznod@dmt.com,9000000049
50,PEKYE,WOVSN,pekyewovsn@dmt.com,9000000050
51,TXNLU,TEFIE,txnlutefie@dmt.com,9000000051
52,PACBF,MFNTA,pacbfmfnta@dmt.com,9000000052
53,LYJNT,NBDLA,lyjntnbdla@dmt.com,9000000053
54,VSGRA,KASNK,vsgrakasnk@dmt.com,9000000054
55,RLPZI,XOUTI,rlpzixouti@dmt.com,9000000055
56,WCYAD,YMPSY,wcyadympsy@dmt.com,9000000056
57,TETQE,PGLMX,tetqepglmx@dmt.com,9000000057
58,SRFEG,LYRWU,srfeglyrwu@dmt.com,9000000058
59,ZFKOY,WGTHU,zfkoywgthu@dmt.com,9000000059
60,RLZKY,LEEYS,rlzkyleeys@dmt.com,9000000060
61,ZEGWX,AXULG,zegwxaxulg@dmt.com,9000000061
62,UNPTQ,SQRYA,unptqsqrya@dmt.com,9000000062
63,JOCLO,QBATZ,jocloqbatz@dmt.com,9000000063
64,TRLEB,JSNFW,trlebjsnfw@dmt.com,9000000064
65,UONKZ,QEDEZ,uonkzqedez@dmt.com,9000000065
66,ASYGV,ILYFF,asygvilyff@dmt.com,9000000066
67,PHOTT,IJWBF,phottijwbf@dmt.com,9000000067
68,HUHVC,OMHLW,huhvcomhlw@dmt.com,9000000068
69,UNISE,JCODV,unisejcodv@dmt.com,9000000069
70,EGNTR,ELPRO,egntrelpro@dmt.com,9000000070
71,RCEUH,RCAPD,rceuhrcapd@dmt.com,9000000071
72,NUELC,QXSPZ,nuelcqxspz@dmt.com,9000000072
73,DILZE,HJZYG,dilzehjzyg@dmt.com,9000000073
74,LFLNV,JJIWE,lflnvjjiwe@dmt.com,9000000074
75,GVZQT,BMFRZ,gvzqtbmfrz@dmt.com,9000000075
76,XVQWR,TALYR,xvqwrtalyr@dmt.com,9000000076
77,LEQLH,KCQVB,leqlhkcqvb@dmt.com,9000000077
78,ARFLR,QMQEN,arflrqmqen@dmt.com,9000000078
79,DHFUT,UEAFL,dhfutueafl@dmt.com,9000000079
80,WUDHD,HHSYW,wudhdhhsyw@dmt.com,9000000080
81,UUBSN,DPAPG,uubsndpapg@dmt.com,9000000081
82,ASFCL,LEINO,asfclleino@dmt.com,9000000082
83,MEGNO,IQDFT,megnoiqdft@dmt.com,9000000083
84,AUBSC,SRXHL,aubscsrxhl@dmt.com,9000000084
85,NQJEF,VIAHQ,nqjefviahq@dmt.com,9000000085
86,UCDPS,WXBZX,ucdpswxbzx@dmt.com,9000000086
87,XSCZJ,FILQA,xsczjfilqa@dmt.com,9000000087
88,WEQIY,NGHDB,weqiynghdb@dmt.com,9000000088
89,ZKDDO,TEMXW,zkddotemxw@dmt.com,9000000089
90,OUKWG,ZNBJB,oukwgznbjb@dmt.com,9000000090
91,IQMVP,SAUWS,iqmvpsauws@dmt.com,9000000091
92,AHTDQ,XZVER,ahtdqxzver@dmt.com,9000000092
93,GZRFH,FLMZN,gzrfhflmzn@dmt.com,9000000093
94,OXPZM,HNVTJ,oxpzmhnvtj@dmt.com,9000000094
95,MWIQI,YOQGM,mwiqiyoqgm@dmt.com,9000000095
96,TQKUL,XQUBK,tqkulxqubk@dmt.com,9000000096
97,TOFYG,WAVUY,tofygwavuy@dmt.com,9000000097
98,RIHLL,JRYWN,rihlljrywn@dmt.com,9000000098
99,VEFZR,IKILL,vefzrikill@dmt.com,9000000099
